{"avg_class_acc": 0.573250003606081, "avg_loc_acc": 0.7881434631347656}