{"train_loss": 2.376599597930908, "train_class_acc": 0.7399999976158143, "train_loc_acc": 0.9941791892051697}