{"avg_class_acc": 0.9157500013709068, "avg_loc_acc": 0.7042069149017334}