{"avg_class_acc": 0.5495000025629997, "avg_loc_acc": 0.8523151564598084}