{"avg_class_acc": 0.9349999922513962, "avg_loc_acc": 0.8423123079538345}