{"train_loss": 4.35854549407959, "train_class_acc": 0.34000000208616254, "train_loc_acc": 0.9626019835472107}