{"avg_class_acc": 0.2705000035278499, "avg_loc_acc": 0.7270809057354927}