{"train_loss": 0.6808379530906677, "train_class_acc": 0.9899999976158143, "train_loc_acc": 0.9995386481285096}