{"avg_class_acc": 0.8911249980330467, "avg_loc_acc": 0.7544605651497841}