{"avg_class_acc": 0.8532500004768372, "avg_loc_acc": 0.7615936625003815}