{"avg_class_acc": 0.8270000016689301, "avg_loc_acc": 0.7550259697437286}