{"avg_class_acc": 0.933875000178814, "avg_loc_acc": 0.9406742441654206}