{"avg_class_acc": 0.9246249982714653, "avg_loc_acc": 0.9431788018345832}