{"avg_class_acc": 0.9362500032782555, "avg_loc_acc": 0.9450136351585389}