{"avg_class_acc": 0.9367500025033951, "avg_loc_acc": 0.9431345775723458}