{"avg_class_acc": 0.9164999988675118, "avg_loc_acc": 0.8112474596500396}