{"avg_class_acc": 0.9171249988675118, "avg_loc_acc": 0.9013352560997009}