{"train_loss": 5.656152248382568, "train_class_acc": 0.9399999856948853, "train_loc_acc": 0.9672519207000733}