{"avg_class_acc": 0.9137499937415123, "avg_loc_acc": 0.9472190696001053}