{"avg_class_acc": 0.930999999344349, "avg_loc_acc": 0.9496537417173385}