{"avg_class_acc": 0.9404999932646751, "avg_loc_acc": 0.9764638262987136}