{"avg_class_acc": 0.47150000095367434, "avg_loc_acc": 0.9748334270715714}