{"avg_class_acc": 0.6814999985694885, "avg_loc_acc": -0.1982538765668869}