{"avg_class_acc": 0.6970000028610229, "avg_loc_acc": -0.061586400270462034}