{"avg_class_acc": 0.877999997138977, "avg_loc_acc": 0.5567216101288796}