{"avg_class_acc": 0.9089999973773957, "avg_loc_acc": 0.4097740477323532}