{"train_loss": 5.191839981079101, "train_class_acc": 1.0, "train_loc_acc": 0.9725159645080567}