{"avg_class_acc": 0.7129999971389771, "avg_loc_acc": 0.5827304542064666}