{"avg_class_acc": 0.39800000086426734, "avg_loc_acc": 0.5845540821552276}