{"avg_class_acc": 0.9036249989271163, "avg_loc_acc": 0.8819312354922295}