{"sudden": 0.9620000000000001, "gradual": 0.8464, "incremental": 0.7915, "normal": 0.9336000000000001}