{"train_loss": 0.6338062107563018, "train_class_acc": 0.9799999952316284, "train_loc_acc": 0.9997266173362732}