{"avg_class_acc": 0.8757499980926514, "avg_loc_acc": 0.8936463698744774}