{"avg_class_acc": 0.30900000251829624, "avg_loc_acc": 0.888056552708149}