{"train_loss": 2.7191677570343016, "train_class_acc": 0.3200000047683716, "train_loc_acc": 0.993820869922638}