{"train_loss": 2.4646803855896, "train_class_acc": 0.5800000071525574, "train_loc_acc": 0.9947805523872375}