{"avg_class_acc": 0.85450000263750554, "avg_loc_acc": 0.8840679669380188}