{"avg_class_acc": 0.8759999978542328, "avg_loc_acc": 0.7222478830814362}