{"avg_class_acc": 0.4135000003874302, "avg_loc_acc": 0.8845511931180954}