{"train_loss": 2.619539213180542, "train_class_acc": 0.25, "train_loc_acc": 0.9955546855926514}