{"avg_class_acc": 0.3630000025033951, "avg_loc_acc": 0.9343834847211838}