{"avg_class_acc": 0.9273749998211861, "avg_loc_acc": 0.9337728795409203}