{"avg_class_acc": 0.9034999960660934, "avg_loc_acc": 0.9196672654151916}