{"train_loss": 0.3138381242752075, "train_class_acc": 1.0, "train_loc_acc": 0.9999505043029785}