{"avg_class_acc": 0.7745000028610229, "avg_loc_acc": -1.4112954676151275}