{"avg_class_acc": 0.9164999943971633, "avg_loc_acc": 0.946000779569149}