{"avg_class_acc": 0.43050000071525574, "avg_loc_acc": 0.9199554681777954}