{"avg_class_acc": 0.9639999938011169, "avg_loc_acc": 0.9517629069089889}