{"avg_class_acc": 0.8554999983310699, "avg_loc_acc": 0.511843449473381}