{"avg_class_acc": 0.896499999165535, "avg_loc_acc": 0.4897184556722641}