{"train_loss": 2.4381948709487915, "train_class_acc": 1.0, "train_loc_acc": 0.992711341381073}