{"avg_class_acc": 0.8460000005364418, "avg_loc_acc": 0.4633020368218422}