{"avg_class_acc": 0.3929999999701977, "avg_loc_acc": 0.35060136556625365}