{"avg_class_acc": 0.9212499931454659, "avg_loc_acc": 0.9579569697380066}