{"avg_class_acc": 0.9197500014305114, "avg_loc_acc": 0.9635234916210175}