{"train_loss": 0.3198845773935318, "train_class_acc": 1.0, "train_loc_acc": 0.9999305605888367}