{"avg_class_acc": 0.9184999939799309, "avg_loc_acc": 0.9649815404415131}