{"avg_class_acc": 0.5035000020265579, "avg_loc_acc": 0.962302730679512}