{"avg_class_acc": 0.9256249994039536, "avg_loc_acc": 0.9452296206355095}