{"avg_class_acc": 0.9335000011324882, "avg_loc_acc": 0.9422010707855225}