{"avg_class_acc": 0.9330000028014183, "avg_loc_acc": 0.9445977300405503}