{"avg_class_acc": 0.924999993443489, "avg_loc_acc": 0.9464445590972901}