{"avg_class_acc": 0.94325000166893, "avg_loc_acc": 0.8820751345157624}