{"avg_class_acc": 0.9352500012516975, "avg_loc_acc": 0.9445454502105712}