{"avg_class_acc": 0.9333750003576279, "avg_loc_acc": 0.9503154718875885}