{"train_loss": 5.604322814941407, "train_class_acc": 0.9599999904632568, "train_loc_acc": 0.967732310295105}