{"avg_class_acc": 0.7684999965131283, "avg_loc_acc": 0.9779987546801567}