{"avg_class_acc": 0.49399999976158143, "avg_loc_acc": 0.9815182554721832}