{"avg_class_acc": 0.9042499938607216, "avg_loc_acc": 0.9663798415660858}