{"avg_class_acc": 0.9375000032782554, "avg_loc_acc": 0.945152587890625}