{"train_loss": 0.6758818864822388, "train_class_acc": 0.9799999952316284, "train_loc_acc": 0.9998792052268982}