{"avg_class_acc": 0.9274999994039536, "avg_loc_acc": 0.9296661213040351}