{"avg_class_acc": 0.82764999672174456, "avg_loc_acc": 0.9555899903178215}