{"avg_class_acc": 0.4055000007152557, "avg_loc_acc": 0.9520645028352738}