{"train_loss": 3.116783618927002, "train_class_acc": 0.9899999976158143, "train_loc_acc": 0.9564571619033814}