{"avg_class_acc": 0.7932500013709068, "avg_loc_acc": 0.37406504690647124}