{"avg_class_acc": 0.8142499998211861, "avg_loc_acc": 0.34042251646518706}