{"avg_class_acc": 0.7737500002980232, "avg_loc_acc": 0.3164944306015968}