{"avg_class_acc": 0.40999999962747097, "avg_loc_acc": 0.312007731795311}